abidjan,
accra,
addis ababa,
algiers,
asmara,
bamako,
bangui,
banjul,
bissau,
blantyre,
brazzaville,
bujumbura,
cairo,
casablanca,
ceuta,
conakry,
dakar,
dar es salaam,
djibouti,
douala,
el aaiun,
freetown,
gaborone,
harare,
johannesburg,
juba,
kampala,
khartoum,
kigali,
kinshasa,
lagos,
libreville,
lome,
luanda,
lubumbashi,
lusaka,
malabo,
maputo,
maseru,
mbabane,
mogadishu,
monrovia,
nairobi,
ndjamena,
niamey,
nouakchott,
ouagadougou,
sao tome,
tripoli,
tunis,
windhoek,
adak,
anchorage,
anguilla,
antigua,
araguaina,
argentina,
aruba,
asuncion,
atikokan,
bahia,
bahia banderas,
barbados,
belem,
belize,
boa vista,
bogota,
boise,
cambridge bay,
campo grande,
cancun,
caracas,
cayenne,
cayman,
chicago,
chihuahua,
costa rica,
creston,
cuiaba,
curacao,
danmarkshavn,
dawson,
dawson creek,
denver,
detroit,
dominica,
edmonton,
eirunepe,
el salvador,
fort nelson,
fortaleza,
glace bay,
godthab,
goose bay,
grand turk,
grenada,
guadeloupe,
guatemala,
guayaquil,
guyana,
halifax,
havana,
hermosillo,
indiana,
inuvik,
iqaluit,
jamaica,
juneau,
kentucky,
kentucky,
kralendijk,
la paz,
lima,
los angeles,
lower princes,
maceio,
managua,
manaus,
marigot,
martinique,
matamoros,
mazatlan,
menominee,
merida,
metlakatla,
mexico city,
miquelon,
moncton,
monterrey,
montevideo,
montserrat,
nassau,
new york,
nipigon,
nome,
noronha,
north dakota,
ojinaga,
panama,
pangnirtung,
paramaribo,
phoenix,
port au prince,
port of spain,
porto velho,
puerto rico,
punta arenas,
rainy river,
rankin inlet,
recife,
regina,
resolute,
rio branco,
santarem,
santiago,
santo domingo,
sao paulo,
scoresbysund,
sitka,
st barthelemy,
st johns,
st kitts,
st lucia,
st thomas,
st vincent,
swift current,
tegucigalpa,
thule,
thunder bay,
tijuana,
toronto,
tortola,
vancouver,
whitehorse,
winnipeg,
yakutat,
yellowknife,
casey,
davis,
dumontdurville,
macquarie,
mawson,
mcmurdo,
palmer,
rothera,
syowa,
troll,
vostok,
longyearbyen,
aden,
almaty,
amman,
anadyr,
aqtau,
aqtobe,
ashgabat,
atyrau,
baghdad,
bahrain,
baku,
bangkok,
barnaul,
beirut,
bishkek,
brunei,
chita,
choibalsan,
colombo,
damascus,
dhaka,
dili,
dubai,
dushanbe,
famagusta,
gaza,
hebron,
ho chi minh,
hong kong,
hovd,
irkutsk,
jakarta,
jayapura,
jerusalem,
kabul,
kamchatka,
karachi,
kathmandu,
khandyga,
kolkata,
krasnoyarsk,
kuala lumpur,
kuching,
kuwait,
macau,
magadan,
makassar,
manila,
muscat,
nicosia,
novokuznetsk,
novosibirsk,
omsk,
oral,
phnom penh,
pontianak,
pyongyang,
qatar,
qostanay,
qyzylorda,
riyadh,
sakhalin,
samarkand,
seoul,
shanghai,
singapore,
srednekolymsk,
taipei,
tashkent,
tbilisi,
tehran,
thimphu,
tokyo,
tomsk,
ulaanbaatar,
urumqi,
ust-nera,
vientiane,
vladivostok,
yakutsk,
yangon,
yekaterinburg,
yerevan,
azores,
bermuda,
canary,
cape verde,
faroe,
madeira,
reykjavik,
south georgia,
st helena,
stanley,
adelaide,
brisbane,
broken hill,
currie,
darwin,
eucla,
hobart,
lindeman,
lord howe,
melbourne,
perth,
sydney,
atlantic,
central,
eastern,
mountain,
newfoundland,
pacific,
amsterdam,
andorra,
astrakhan,
athens,
belgrade,
berlin,
bratislava,
brussels,
bucharest,
budapest,
busingen,
chisinau,
copenhagen,
dublin,
gibraltar,
guernsey,
helsinki,
isle of man,
istanbul,
jersey,
kaliningrad,
kiev,
kirov,
lisbon,
ljubljana,
london,
luxembourg,
madrid,
malta,
mariehamn,
minsk,
monaco,
moscow,
oslo,
paris,
podgorica,
prague,
riga,
rome,
samara,
san marino,
sarajevo,
saratov,
simferopol,
skopje,
sofia,
stockholm,
tallinn,
tirane,
ulyanovsk,
uzhgorod,
vaduz,
vatican,
vienna,
vilnius,
volgograd,
warsaw,
zagreb,
zaporozhye,
zurich,
gmt,
antananarivo,
chagos,
christmas,
cocos,
comoro,
kerguelen,
mahe,
maldives,
mauritius,
mayotte,
reunion,
apia,
auckland,
bougainville,
chatham,
chuuk,
easter,
efate,
enderbury,
fakaofo,
fiji,
funafuti,
galapagos,
gambier,
guadalcanal,
guam,
honolulu,
kiritimati,
kosrae,
kwajalein,
majuro,
marquesas,
midway,
nauru,
niue,
norfolk,
noumea,
pago pago,
palau,
pitcairn,
pohnpei,
port moresby,
rarotonga,
saipan,
tahiti,
tarawa,
tongatapu,
wake,
wallis,
alaska,
arizona,
central,
eastern,
hawaii,
mountain,
pacific,
utc,
